{"model": "vessel_scoring.logistic_model.LogisticModel", "args": {"colspec": {"windows": [1800, 3600, 10800, 21600, 43200, 86400], "measures": [], "window_measures": ["measure_speedavg", "measure_speedstddev", "measure_coursestddev"]}, "cross": 3, "intercept": [-7.7025574790643017], "order": 4, "coef": [[-1.0543623757354927, -1.5716739778536435, -1.4148025700967077, -1.3556681894913087, -1.0910035744006799, -1.25163762246933, -1.7328717882305595, -0.42124128929989252, -0.15409768619623065, -1.4774206989113887, 0.098117890014112946, 0.74975023279596453, -0.66270824758942126, 1.1918833196984857, 1.2963920782448779, 0.079806697534229046, 0.69909185655110695, 0.0089802715084830662, 2.4031595012809523, 0.33036429403782797, 0.75161970951034263, 2.0651089457732037, 0.52941580831574864, 1.0886054495085842, 1.6285666698119936, 0.41570963597665173, 0.53632441888731519, 1.6412619495019907, 0.016117245491477427, 0.39142885870719796, 1.7886925382739265, 0.43727615229115602, 0.72397408641527539, 2.6388335010438899, 1.1616496749386576, -0.66444938793489505, -0.87575913037334863, -0.32444802167971881, 2.0388504856469751, -0.39881936803806378, -0.60516414923524497, 1.0056890141472496, -0.2743152345311996, 0.16051628071343785, 1.3478932800726968, 0.27714586910607947, 0.27932056869701605, 0.97615024784959648, -0.0074215994447579675, 0.32416269763111755, 0.49926880432898713, -0.020674583118573273, 0.43664418254850229, 0.6239762618945921, -0.75871391147484246, 0.24138887230367792, 0.73924864316443961, -0.72430752885222849, 0.054287739009090084, -0.28854842996947777, -0.70574115132950255, -0.079237429778598559, -0.72765655027954479, -0.49660019304396946, -0.042267725586559481, -0.58209237490077304, -0.17351268148095245, -0.18846134155606142, -0.93054090104094456, 0.32035517393248647, 0.14743793886879028, 1.1313836164585076, 0.24846420652994619, -0.038723767460932486, 0.15919304967998346, -0.1834266414645451, -0.046956824903950076, 0.063122086769723723, -0.22021404992209204, 0.58531200246451232, -0.89082423928671461, 0.024159928368589122, 0.53044925373049945, -1.0376756462472412, -0.40845163430875225, -0.41236466237893804, 0.98037943391322413, -0.31595357078851966, 0.46712663985864322, 1.1614713697527237, 0.24786820646871754, 0.33713294677339395, 0.59889215246703276, 0.027109435342319528, -0.02335378864916416, 0.23542772104137338, -0.052630818756344858, 0.091443036441172187, 0.55679048820698751, -0.36524966958306448, 0.16927196936172162, -0.55079848394845077, -0.38263721369327586, 0.010586097757404524, -0.83578175504236507, -0.326885763562617, 0.015131741956870073, -0.31791153485289592, -0.11661735569431794, -0.072073944141015103, -0.7223209163722335, 0.12000199828632649, 0.030521352157201181, 0.32999839273850712, -0.28434026102441667, -0.21133962307873244, 0.21463457734535768, -0.46853304688838876, 0.40742743232175305, -0.36603492688045886, 0.26633544311235907, 0.69367051243810429, -0.47003177615754044, -0.41591766049250523, 0.45319332788025574, 2.129713699897219, -0.16724782411932065, 0.22875293300646424, 1.2618062518052255, -0.43003733233756847, 0.15143291524834229, 0.36139276855923474, -0.57865212877877503, 0.29149907471537434, -0.68113926283756454, -0.43121372949948628, 0.20979407687482696, -0.79191135209003272, 0.019377217030323513, 0.064580446135640984, -0.098288627726596814, 0.49617653079878205, 0.082105000395655825, -0.22917013804488162, 0.68353400217787919, -1.1208709204269622, 0.311021456453973, 0.29904573800645373, -0.17266905541234404, -0.47747563528308712, 0.25351345247207929, 1.3576322730432684, -0.7501070465991817, 0.1041665141771442, 0.63418907675890479, 0.51395251318549406, -0.36645089295682048, 0.5597924817455715, 0.0074907036134629467, -0.78767274030807921, 0.52998908681473544, -1.5560000957054791, 0.59651180758580624, -0.17686116644208077, -1.1124491217097756, 0.57686330148738196, 0.15186100857213447, -0.58759140631589579, 0.43149506008514266, -1.0928378151753126, -1.1800746874560351, 0.73105475141009191, 0.30328551997073833, -0.23240527000372563, -0.55589703548013936, 0.94311687564047675, 1.1528589013518133, -0.8788890336512406, 0.8309004106581207, -0.91691936547445319, 0.038967335440351913, 0.67572691865651091, -0.63082508135253268, 0.50996991222614962, 0.34834307098168449, 0.038323699569783272, -0.76760856963144597, 1.3937377566091853, -1.5336656827020656, 0.9069570860927364, 0.11180958834725105, -0.47112048405749657, 0.68283666358227146, 0.15733132219919144, -0.36014811547769365, 0.43323251815321162, 0.13657347164755312, 0.08599713069860998, 0.29335787770636701, 0.014575891875089567, 0.68706842656711853, 0.47761172404256214, 0.15583445693680625, 0.54790044557570905, 1.2433252811398714, 0.54782836816494218, -0.67219719498292274, 0.13964569845379579, -0.4036794486962561, -0.17426671142832159, -0.39927269845858415, 0.56132505106695463, 0.60562591568999158, 0.29491345950107239, 0.090698308499303285, -0.18191152236857827, -1.1157110821028942, -0.28320093794851797, -0.18300794355980304, 0.11180557789853256, 0.038269980112004234, -0.44295488336150773, -0.75975305265784965, 0.32021012555614864, 0.52179613867878138, -0.098933893246096971, 0.58223780136488312, -0.037000527475353054, -0.66153916086297471, 0.097631886895766101, 0.50434407128733449, -0.014790977601085328, -0.19078870026883463, -0.3984726243148965, -0.32608638301105897, -0.57752724462810523, -0.54357154266918761, 0.67233713105943216, 0.038558531185011805, -0.58340296595014418, 1.0297733730116059, 0.47842034012424822, 0.16394850760605398, -0.21948940449819171, 0.17029566974254598, 0.078692023696587107, 0.093227463544863332, 0.70873217656109344, 0.20414981856372377, -0.16136463980712126, 0.20172314143051406, 0.044016821048052622, 0.071460173713347216, -0.0084354642873322311, 0.14389442493308091, -0.15343161279032375, 0.20661920799780445, 0.014425726995906355, 0.061904626548901193, -0.29341853336804025, 0.13832548005467701, 0.072888125104134865, 0.25540756112313068, 0.06456574692480381, 0.079829410705352224, -0.2148185974653937, 0.20177349618641549, 0.49565911454118605, 0.32024142987118392, 0.025388021031318028, 0.064906195111670437, -0.60483644523162883, 0.21145945731305452, 0.6336900535921961, 0.2528399641780546, 0.031302709564640999, 0.24022943249471118, 0.2072847510921218, 0.038408496193485707, 0.69140020510182598, 0.54973236019533778, -0.029203997897455782, -0.01612464661136933, -0.11106939001936739, -0.085750541455800522, 0.064616843422115822, 0.42448943351524365, -0.070647928696217846, -0.031133824976717021, 0.3422046505457641, 0.31425089496208791, -0.19007699713013393, 0.44655794373002489, 0.16311774017847502, 0.45357571045547534, -0.53625753198557513, 0.37838824141670008, -0.00066678872398755196, 0.47618432830030649, 0.26236470259590144, 0.45173780391431911, -0.65598866285929092, 0.48994765975905835, 0.29721022860249519, 0.068536232744605324, 0.068803817609747422, -0.68203829553953543, -0.29741374439364282, -0.22627398193503834, 0.10652262055756642, -0.0011492364167128184, -0.15612060277561468, -0.23586350452819693, 0.10487898939640761, 0.28001777703210506, -0.10533764279267521, 0.58828990780701351, 0.020146009715340724, -0.51444042486076624, -0.33635806028097703, 0.051706951497829542, 0.0083268831523890148, -0.11345473884913942, -0.65093352720956799, -0.78371835735073747, -0.80606404712673496, -0.80342837826934044, 0.65863987100007371, 0.016178933811833607, -0.87163297376522908, 0.58011608064772491, 0.49133199611964951, 0.1248923319306373, 0.22202494022489502, 0.34338890106263775, 0.066909081195978465, 0.1064862920458164, -0.24604660424916802, 0.13630269377744672, 0.16443195714819592, 0.33911015021773755, 0.032422819128243359, 0.096930455326470974, -0.32483994464591498, 0.15116721666147714, 0.20558044357031705, 0.3552193856964489, 0.072144256606622076, 0.10670888207899337, -0.027718193316730387, 0.3108307979922213, 0.44226243287650907, 0.37807682512470026, 0.068313969220288942, 0.11084687615963534, -0.54074853817799418, 0.32071512700729049, 0.29088095187063578, 0.66393166117686031, 