{"model": "vessel_scoring.logistic_model.LogisticModel", "args": {"colspec": {"windows": [1800, 3600, 10800, 21600, 43200, 86400], "measures": [], "window_measures": ["measure_speedavg", "measure_speedstddev", "measure_coursestddev"]}, "cross": 0, "intercept": [-5.7278192902110687], "order": 6, "coef": [[-0.88160767361571868, -1.0731758914415876, -1.7647880329353789, -1.0248754123147843, -1.4135170512088302, -3.149335508647221, -0.73431161294747727, -0.81394697932234239, -0.87960027409880959, -0.81714167005739813, -0.52652681029290382, -0.029930566866556253, -0.27357033334003444, 0.41478471779647064, 1.6810699508554221, -0.45742110210586329, -1.9755167008360828, 2.5217564298222115, 0.95598539033372187, -0.10236490717579404, 1.4631623061059873, 0.82221108545585031, -0.12040319914409797, 1.0231829756150757, 1.0650846538329544, -0.22676301832662851, 0.35707476825531898, 1.0334311987295077, -0.49806800976841209, -0.86558232098033139, 0.93682560341820287, -0.51035746325016784, 0.031350785707230149, 0.48020529522715183, -1.2154397145772331, 0.42947638845054753, 1.3782316975020839, -0.021979418697406772, 0.99944253573030062, 1.2563761833183269, -0.021354517280540854, 0.79357713003595354, 1.3042792849793601, -0.07764901154317011, 0.36488727981452934, 1.271674702374429, -0.18378419962225259, -0.55119202237505527, 1.0396977470454027, -0.27922661796936321, -0.46332367421819998, 0.3560254727896493, -0.52294244474968543, -0.83028048054352455, 0.83428637998254185, -0.0046368978554601785, 0.59057774951939701, 0.70973248861707405, -0.0047631987826399543, 0.42052434834986196, 0.58278463459844954, -0.027774767609901139, 0.17819457770324712, 0.51380247340577956, -0.061102645370013253, -0.345534468244304, 0.61813051101029681, -0.10752040656607156, -0.58020901840719363, -0.18814485502604447, -0.197790219660815, -1.2281112824633786, -0.26457339455980944, -0.00093110507496878248, 0.349389194250804, -0.39996444115380081, -0.0012376718933574261, 0.20152591494279387, -0.62412156406600483, -0.010232543749915831, 0.044499270466370054, -0.74352136219366038, -0.020367549692839867, -0.23859085737424535, -0.12465359499075458, -0.037716514001964713, -0.55803896457085944, -0.96352619755289004, -0.070943775770231948, -1.1967535114771046, -1.625904216605905, -0.00019354839138500089, 0.2097902872082136, -1.7721013030739772, -0.00038503050631876471, 0.088900407907802709, -2.0103942855386263, -0.0038644975002375243, -0.023867171119842191, -2.1777427086280974, -0.006968091418303392, -0.17408806557411052, -1.0651494994366164, -0.012949119265340635, -0.48346735579092265, -1.8743821802200111, -0.024959519084329335, -1.005203832593538]]}}