{"model": "vessel_scoring.logistic_model.LogisticModel", "args": {"windows": [1800, 3600, 10800, 21600, 43200, 86400], "cross": 0, "intercept": [-0.19442664801599496], "order": 6, "coef": [[1.0717671446388004, 0.49601358227437931, 0.57665532428848909, 0.86505795740908564, 0.35147769778496751, 0.52174290186451089, 0.29475101862593761, 0.11031137655294881, 0.51684886543683262, 0.10268028631183784, -0.11360482176736206, 0.65605982958421405, -0.26316693991776052, -0.65001484809303778, 1.4620976247055077, -0.99684935917007667, -0.99256689970583722, 3.1932400723637282, 1.5082486323362059, -0.36507344774147588, -0.25320263651621833, 1.2932714490967809, -0.20395019948260343, -0.22983279354756628, 0.73749295503851608, -0.10917619876511242, -0.21819986104706396, 0.61136021056222789, 0.051959747664336149, -0.16239373248759495, 0.49679130911703201, 0.44190049249393826, -0.68467868412562627, -0.0073660158814659038, 0.31540644363354142, -1.9397001739692834, 1.0295934591348597, -0.05304536752138006, -0.24875712305709843, 0.84095641159875678, -0.13321718439057606, -0.223052959450907, 0.39532285363251163, 0.0094128385928375774, -0.11938649472977506, 0.34280834672120575, 0.004898146534448442, -0.22504963556645624, 0.59349486925377792, -0.087811344824213933, -0.075724204094891778, 0.47438649768425323, 0.5943114064198286, 0.51864029955043023, 0.32165936282279262, 0.33055323213844601, 0.36529446439614627, 0.15394233691430681, 0.2905818149028509, 0.32531377298033098, -0.20315631664422495, 0.12348852938991697, 0.19655181558399168, -0.21122356449566629, 0.031711298904325551, 0.25005456930610498, 0.36616004453071416, -0.048210994018853634, 0.36618499066709942, 0.58651867685021664, -0.66691813079871665, 0.53567867949946602, -0.40490608213062418, 0.14418883914529695, 0.301194072475301, -0.56187936716839504, 0.22132877158246969, 0.25051243358850644, -0.85643249863113924, 0.032241307579981025, 0.14987600478171303, -0.84023143068335993, 0.074979909541350684, 0.18401496154376518, 0.005266206715612713, 0.17630608308625484, 0.0030627292747161181, 0.49305574465995194, -0.35764715517987877, -0.84827588767318052, -1.0823398419751193, 0.016418691333392781, 0.054843216267307732, -1.2364018155206224, 0.040233008953593448, 0.043306583067902971, -1.4840959606267823, -0.00041294513653074717, 0.02697786133188872, -1.4533309549980269, 0.021403249517280769, 0.029262427149784699, -0.39282118903556434, 0.053743710939813449, -0.030637174657048055, 0.2998996299472228, -0.033264693253351366, -0.2895873253397821]]}}