{"model": "vessel_scoring.logistic_model.LogisticModel", "args": {"colspec": {"windows": [1800, 3600, 10800, 21600, 43200, 86400], "measures": [], "window_measures": ["measure_speedavg", "measure_speedstddev", "measure_coursestddev"]}, "cross": 0, "intercept": [-5.8704283184500534], "order": 6, "coef": [[-0.69183905241510779, -3.529452543532321, -2.2061754834683986, -1.1417169882189346, -2.8979943538099207, -3.0400902210167775, -1.4448066464863294, -1.4867637154121556, -0.57896233011052534, -1.0052832174757182, -0.92542453072753506, -0.0020462667389547695, -0.1194010260296518, -1.6375688282628793, 1.7745885111699125, -0.88985000747658427, -2.2961480275632633, 2.782478532603208, 1.8572387790248199, 0.22245723284591457, 2.4286831567310072, 1.3024193179228547, 0.49654202125083724, 2.5959001851394823, 1.0122425103615569, 0.53847729630514973, 0.78240435543273401, 1.3692494721849535, 0.062739678815894442, -0.42581510563017061, 1.3500871943216255, 0.31806196822257737, -0.38045308280192258, 1.0156979577563543, 1.0603865123806782, -0.35349143815626927, 2.2986701174449662, 0.10647973554739605, 0.86122528624353767, 1.8660065510766184, 0.17917586718862724, 1.0856205589450647, 1.7032746025588623, 0.21223635151510417, 0.34153340537928795, 1.8382744217930209, 0.066152140615635152, 0.13354206349447417, 1.4207619179350213, 0.24292693421340339, -0.62778211904298897, 1.401867936152658, 0.6689331856844617, -1.2168215886231128, 1.1516224167589508, 0.032232238424598679, 0.058789526709941191, 0.93268057117482328, 0.050212772412791824, 0.19180716036633261, 0.93696841837955924, 0.056018494640465391, -0.029510135385495836, 0.83023614566525983, 0.015452040455729113, 0.3086812468173788, 0.61469738820018083, 0.089287658353538593, -0.52729389851417052, 0.65953168488879532, 0.25028895108816224, -1.1002081239877155, -0.80683527375245134, 0.0092359124611488385, -0.22943971986716349, -0.79318959384293042, 0.013794052827744112, -0.14515064393520294, -0.64114263756467393, 0.011693512868099588, -0.19404512795082907, -0.99872726296227166, -0.00048474017323158142, 0.27954986298938406, -0.73250461020138991, 0.027309980625209545, -0.40051613674230924, -0.80877968168391001, 0.080606985460892677, -0.75407381406852014, -2.9955113584839084, 0.0026054692365273971, -0.29939617767379711, -2.7594336593266031, 0.0038188359055609995, -0.23166280469269246, -2.5060212668747308, 0.0015005463300942993, -0.23650254702158546, -3.1248840229262145, -0.00248920556247213, 0.20067201158358741, -2.3466532838257295, 0.0077258907055056071, -0.29500026839146837, -2.6460802916458048, 0.024517637148462803, -0.43780503402473797]]}}