{"model": "vessel_scoring.logistic_model.LogisticModel", "args": {"colspec": {"windows": [1800, 3600, 10800, 21600, 43200, 86400], "measures": ["measure_speed", "measure_daylight"], "window_measures": ["measure_speedavg", "measure_speedstddev", "measure_coursestddev", "measure_daylightavg"]}, "cross": 2, "intercept": [-5.3978539395992442], "order": 3, "coef": [[-0.25271288820891563, -0.42585229078494707, -0.42233998694108693, -0.14884965792831573, 0.12474523804401787, -0.31947530183604333, -0.33822903226472067, 0.052666130108844661, -0.15971964342271205, -0.16041433880277825, -0.82831463088147694, -0.35645370909892743, -0.136599771661717, -0.21320140441627705, -0.62825965679706997, 0.16152599922243141, -0.14286276746281817, -0.073812401449542847, -1.0946081714849527, -0.15913986834464922, -0.62405297967091722, -0.079475573590965784, -1.6298756969657895, 0.30474098262889915, -0.81816507265773819, -0.12574905033222777, 0.48518322082518245, -0.42585229078494707, 0.2008347355239409, -0.076205538138164067, -0.8169785994128651, -0.31947530183604333, 0.41740720980337725, -0.014549011099120317, -0.55175181292028108, -0.16041433880277825, -0.19201568654489551, -0.43773172678671463, -0.15872924282859965, -0.21320140441627705, 0.23628355816974586, -0.29146889402701254, -0.20671261888451992, -0.073812401449542847, -0.0028631876699517535, -0.24799076516590521, -0.65122303228576617, -0.079475573590965784, -0.74282240402800237, 0.051290143735310864, -1.1179607186907772, -0.12574905033222777, 0.41727845204112152, 0.38892892959483932, -0.018589958665019442, 0.20081160795550893, 0.49500696120323773, 0.43323055923138526, 0.14326420190508715, -0.28573390829303785, 0.62435756891459793, 0.0073663906962895204, -0.08583882854827371, 0.21216546732380781, 0.27643114379328665, 0.36165852995682785, 0.46621721841646596, 0.39640177003327165, -0.095562710121432748, 0.15553330835492751, 0.19481360392842348, 0.18581085387628465, -0.15879163356965842, -0.18627392053901543, 0.76511443055339246, 0.38020010877318777, -0.11195423409613295, 0.18239973916784744, -0.084956136849104524, 0.039112816974656663, -0.31947530183604333, 0.21253199054704569, 0.19450783921605147, -0.031241675509215781, -0.16041433880277825, -0.16721403558931253, -0.030229274201981758, 0.35759751269582829, -0.21320140441627705, 0.17821768110326133, 0.058706760494310901, -0.39236067636413885, -0.073812401449542847, 0.31565895758459772, -0.073349890039031307, -0.0060673996611671204, -0.079475573590965784, -0.013343049215892641, 0.85778299789644996, 0.47906140133133657, -0.12574905033222777, -0.003727134412678764, 0.10175241483802477, 0.25944409491529424, 0.24400188861064803, 0.14190564952937657, -0.39006663900112815, 0.38850655156346592, -0.12462748068290008, -0.11118880193999656, 0.10420521690389009, -0.0067478972032239265, 0.26048066604221237, 0.42777196243880616, 0.29480887778009224, -0.15932978987387883, 0.012158824667069867, 0.15210414892031196, 0.085318641923771865, -0.1629746215716974, -0.279237747378279, 0.68718693733474834, 0.25105709110479085, -0.1113643264381691, -0.065002830392300384, -0.081967397969003958, -0.0067661661638103426, -0.050885415975065892, -0.071620936339686234, -0.079172715487805218, -0.033306710285551377, -0.049919698443056805, -0.09141282601099536, -0.037806652007607182, -0.043808737451980925, -0.040503369385092913, -0.10177468288499281, 0.015348891082164584, -0.069332910191746047, -0.023953075011268629, -0.084633365010676823, 0.0084069942980789427, -0.078939754778415944, -0.002253454097401329, -0.074379298195803925, -0.0020065543189381461, 0.052676007481833216, 0.19870912899825915, -0.16354249894396791, -0.77164123853799027, 0.079158256125627144, 0.10352066343606425, -0.21084774016180255, -0.30343868880608094, -0.025957474348041999, 0.13684657841239528, -0.12802910490287428, -0.16331174353895272, -0.46598776190250496, 0.28753729257498489, -0.17786219407384493, -0.15223634930930988, 0.13559696112831862, 0.042497371653897199, 0.24700183318083938, 0.095786777842655074, -0.012222235766900725, 0.28821363211859347, 0.19983182862490076, -0.012136154878622919, -0.16041433880277825, -0.10753337981029512, -0.014978833656159166, 0.38775703542642004, -0.21320140441627705, 0.23343859592122287, 0.073421222742932946, -0.36274114042861827, -0.073812401449542847, 0.36641061297625377, -0.057670060721628308, 0.02465245599020336, -0.079475573590965784, 0.038848642313559903, 0.87833139887740186, 0.51976655700474939, -0.12574905033222777, 0.11575861025594376, -0.10131476706595356, 0.41659695217766807, -0.10037757694146571, -0.1140471515930533, 0.20427898519822063, -0.052909915694322844, 0.30964189134557346, 0.43649100777081351, 0.42859530249730537, -0.21067479860851149, 0.098852426094521315, 0.15514422754981547, 0.052868468457636673, -0.16334916486476214, -0.17034143226918444, 0.68697822252327112, 0.21923124437880875, -0.10969056791957169, -0.12695706596470033, 0.20595064911886832, 0.20128028436318568, -0.112206340584546, -0.1715469637910137, 0.36127341007936126, 0.15682732426256238, -0.060148209606605441, -0.20294460063649356, 0.36993207363178499, 0.028024486331799773, -0.028042311181880754, 0.090166428494639142, 0.031327583424170545, 0.011338422855679747, 0.038978349807494213, 0.15510098042870593, -0.0037430719903199252, 0.024987265722917439, 0.13876624731138368, -0.3798896023777697, -0.33616236235378788, -0.10497235492585436, 0.20491328259320649, -0.25162365473565346, -0.25348191589967367, -0.5311496583619072, 0.27652526841639496, -0.36125066264129679, -0.16848174951100661, 0.078733366272856042, 0.075901031301875227, 0.047132897738457663, 0.069834466266574649, -0.017034178348181689, 0.013929658745940406, 0.00016302336917776712, 0.44262663021775389, -0.21320140441627705, 0.35428427405797563, 0.091011914427336527, -0.30549161889765497, -0.073812401449542847, 0.4785333267419089, -0.036383456925580655, 0.086283217004330157, -0.079475573590965784, 0.13751510376720857, 0.91153901684895011, 0.59346775585435807, -0.12574905033222777, -0.059448123643971715, -0.29213225780094343, 0.13012465030604806, 0.27979550593145941, 0.52335205905873505, -0.072931942783049569, -0.071629383035151775, 0.057564906844085002, 0.23113530609946073, -0.3391818530451699, -0.022733492025221062, -0.72727621828850963, 0.86468153893003741, -0.035058320552449583, -0.10403682839223027, -0.068779135983040335, -0.081914229427263077, -0.06417310615436729, -0.37349108415263488, -0.040415580172004362, 0.24606858272931209, -0.079721730726944162, -0.30974044399427542, 0.17505956378312351, -0.090419867291571046, 0.26935393924501011, -0.27401209012745964, 0.16126196593356015, -0.0095232974349423322, 0.26434150455519301, -0.18342564906922737, 0.014360656187611117, 0.017642695096747325, 0.26504971668974708, 0.38497742006426527, -0.21940403977511372, -0.0072334348107828067, -0.35003628940970322, 0.45326871132903962, 0.045244513238075212, -0.029380505722591238, -0.040012014158520424, 0.24393038928147495, 0.18593293075977887, -0.31548178653881676, -0.073812401449542847, 1.3170421133172667, -0.36018230437366539, -0.28459685631802034, -0.079475573590965784, 0.54769475716081062, 0.63502657499229809, 0.3768240017690524, -0.12574905033222777, 0.56479691338966631, -0.021652962845740142, 0.31793736078996188, -0.11660891019362901, 0.3347759293841529, -0.15393234327139446, 0.043477483667299949, -0.69135043149256503, 0.82981705821612284, 0.093751002777639675, -0.099946092408306528, 0.12496616158683226, 0.150047425956883, 0.52077302294009031, -0.2933432825866843, 0.2020134411682053, -0.15132922706660906, 0.59181200436534487, -0.073701764803867059, 0.2444674615564138, -0.013732994073489629, -0.020686077374372901, 0.25432070102677778, -0.09868059561423341, -0.28920415305183733, -0.18821382743652898, 0.11145001647503897, 0.18891631620757457, -0.37177754349639003, -0.045705681256951416, 0.34809447506438401, 0.41125785979371499, 0.73321258461786154, -0.079475573590965784, -0.34303862876846297, 0.70960817982320512, 0.095384805377954449, -0.12574905033222777, 