{"model": "vessel_scoring.logistic_model.LogisticModel", "args": {"colspec": {"windows": [1800, 3600, 10800, 21600, 43200, 86400], "measures": [], "window_measures": ["measure_speedavg", "measure_speedstddev", "measure_coursestddev"]}, "cross": 0, "intercept": [-6.7015597005534397], "order": 6, "coef": [[-0.86602924051166119, -3.5322762862922548, -2.2614286536761821, -1.1594401628711342, -3.1684236454875476, -2.7790185043418218, -1.3123546884151764, -1.9782264422018203, -0.47406047573641596, -0.84171275403423196, -1.2304223807655661, 0.075451957484101759, -0.69469067200740575, -3.0091845235108194, 1.2360508227153337, -1.2247743015525947, -1.7357447101583827, 1.2172186901709776, 2.4186892495107566, 0.1991548282633302, 2.1724246854680995, 1.9463236582587313, 0.29460329445305805, 2.233586875317064, 1.59771593417613, 0.31064815649633459, 0.71072851206863641, 1.7586975470566009, 0.12389737447610689, 0.43063005289795236, 1.6893785983324749, 0.3204576575785883, -0.10214789683037186, 1.545307901245464, 1.2108985715898135, -0.25442176385168441, 2.6665525113604045, 0.10887332762122502, 1.0209626639113039, 2.2279353026903781, 0.12491820762748193, 1.1327345651172558, 1.9944272356660346, 0.15054495551728175, 0.29384077196415953, 1.8617487776680917, 0.094443042280179246, 0.47550390994358527, 1.6740383750735937, 0.33141765850559735, -0.45605231577396227, 1.9975848631500897, 0.70078956846451435, -0.49082382979538292, 1.1049104522610598, 0.033269869211848165, 0.25877591050787924, 0.81411045638911539, 0.035211008753927603, 0.35335214282340921, 0.88652545960286944, 0.045047540371366476, -0.040026297851327532, 0.58415451414404462, 0.030036580712490067, 0.33416676782172622, 0.39473146283915161, 0.13349128362909712, -0.4890974870875564, 1.069038940115099, 0.25604473046566301, -0.33655059074686827, -1.1832066141785789, 0.0094151306708329264, -0.075358399658343622, -1.2860547886949594, 0.0094445639224441155, 0.015993773117153925, -0.86091607273626702, 0.011853626072073546, -0.18950696523728552, -1.2509074690576361, 0.0073247179462606754, 0.17895065883060643, -1.3804945678140945, 0.044921255836147936, -0.43397789272575832, -0.48118818013001952, 0.080878589319365035, -0.15563063947153588, -3.542120128275601, 0.0026232403479195879, -0.19230414001999704, -3.4540686805829788, 0.0025335668537712361, -0.098571467952069225, -2.7133378059956557, 0.002900944046337053, -0.22928278654350912, -3.1562416081409435, 0.0013955505456620749, 0.067390365659264137, -3.2090828206394839, 0.014385893802125486, -0.35710153172450926, -2.1758310913612968, 0.024010550387242136, -0.030931497122536858]]}}