{"model": "vessel_scoring.logistic_model.LogisticModel", "args": {"windows": [1800, 3600, 10800, 21600, 43200, 86400], "cross": 0, "intercept": [0.9505613116718522], "order": 6, "coef": [[0.40831359400545503, -0.30700925399869106, -0.07726195704664994, 0.43194724490042707, -0.27653255208077776, 0.10390877601745815, 0.3127261451395561, -0.39488514303931893, 0.2113688628751961, 0.25577200413644496, -0.47595591322008329, 0.19806077110597603, 0.16506963523497029, -0.52633263240737727, 1.5985824148690713, -0.08288222089469649, -0.27710836406844036, 2.8235565404138723, 0.48088703482352974, -0.075710781687393675, 0.05557577192433643, 0.51003610387699894, -0.11643242458495703, -0.1617097988330039, 0.36859352506575566, 0.0071165977346477061, -0.23644389774370464, 0.32910375316349605, 0.078815091288904918, -0.07965944424403501, 0.32033762137389815, 0.058164184449308362, -1.1789079058437992, 0.083227989550728465, -0.53428844598656366, -2.0681663032637503, 0.30629393798070909, 0.1552855631912749, -0.20735957157512916, 0.33149165714122703, 0.18489532412618342, -0.012505539540020084, 0.20219904052353113, 0.14529158866727593, 0.080349187043333867, 0.18527355636250978, 0.11948858689348733, -0.074207442520226721, 0.28406837343917468, 0.20119901867502396, 0.3831962438960948, 0.1280449054708768, 0.96473826505501226, 0.80099610659070708, 0.037264982018664516, 0.0014601123762275313, 0.16791488994330811, 0.056047142949191303, 0.0023120893929313643, 0.099546170338138604, -0.051324083163479278, -0.060343309711451479, 0.036752594814835754, -0.050890496431494563, -0.071767000943524784, 0.079442181916707322, 0.13608911414369698, -0.1207936737221393, 0.26339407680332061, 0.080167692061224427, -0.54941683482622794, 0.38872661316965396, -0.25556206979538004, -0.070829777591557563, 0.23455492704260597, -0.24349002161334637, -0.1058055215461521, 0.07315383997551804, -0.32625760436816942, -0.070004055590366446, -0.015926573614954975, -0.31268029171590594, -0.059885738222558389, 0.075511869691194236, -0.060774309173766611, -0.13229825654548305, -0.44367543620728583, -0.015171089592178742, -0.6457337077746429, -1.0507229172915282, -0.54107775862603302, -0.017015562084147777, 0.050301155665439107, -0.5351588129978645, -0.028188808482527385, 0.014798158830783004, -0.5930363718941094, -0.012402770286143339, -0.0030612792627663643, -0.56832557025091401, -0.010861971641257212, 0.016021545988055608, -0.26964410305864234, -0.025967969979152183, -0.14492342972791694, -0.12788022312973168, -0.11612221050223953, -0.32971167026192882]]}}