{"model": "vessel_scoring.logistic_model.LogisticModel", "args": {"windows": [1800, 3600, 10800, 21600, 43200, 86400], "cross": 0, "intercept": [-0.3834117841441182], "order": 6, "coef": [[0.86829597337045972, 0.62971051854667359, 0.42329055825538509, 0.46453170233790764, 0.46412365377045306, 0.23920253234965488, -0.23661608610986951, 0.21285101383047628, 0.30082179343315951, -0.17963470661442135, 0.24128273089179583, 0.94541290034195402, 0.055658087034451673, 0.14578892487426981, 1.0653970386797518, -0.46891079280666004, -0.16000238433387332, 1.0001159574608085, 1.2164112642523071, -0.4823146287477193, -0.25965125755282464, 0.72767777334286665, -0.22998478603386568, -0.14617660630261142, -0.099282368994269704, -0.10083907659027415, -0.047769490728615832, -0.048393830270423321, -0.22696395145167395, -0.43397085828410603, 0.34918080510497579, 0.080575965819688303, -0.75228912203774223, 0.0082705793932267083, 0.17916529207860626, -0.62277839394076284, 1.2212986878610295, 0.11967182980007082, -0.00078508373756374858, 0.73773427172939354, -0.09706602172336988, -0.058550094537085789, -0.053201961093549396, -0.033533446833536887, -0.15211130713862589, -0.026605741423807054, 0.15735626925662877, -0.067273148955781542, 0.45413518006792297, -0.35037239333196163, 0.37116580086007078, 0.39782273013509034, -0.084190384996273987, 0.11773052880697471, 1.0764428617521931, 0.16415741612030099, 0.17015906913078133, 0.62054104096192753, 0.18548113120388296, 0.17008260452969465, -0.08833519110590099, 0.10152311719012477, 0.12553325284852734, -0.086304032721379792, -0.031465434528903796, 0.31621061943049011, 0.4380104218463759, 0.39634988247258163, -0.004641469415321689, 0.61585688557584872, -0.12427526467961643, 0.38973458184395338, 0.86325452990211982, -0.023315922386502836, 0.0029955667739273717, 0.43721458935682528, 0.21487528204496936, 0.070429606275974568, -0.17735454851377447, 0.063894496182091282, 0.20675668238546641, -0.19465592311846203, 0.0074480497574143222, -0.16930702143445342, 0.35822832466195498, 0.19930388463029713, -0.26063926921761355, 0.69852538348006277, 0.56273076345065076, -0.65895521479315144, 0.62160366684356827, -0.015653361041927799, -0.012779808254664172, 0.22202653390197738, 0.050489109638758904, 0.0039050856810826434, -0.29652022660928412, 0.0091676998739070575, 0.052240205740868025, -0.32721895158563452, 0.014515942174634713, -0.085338824850194825, 0.25015765284410096, -0.020556953126730303, -0.064520374020141907, 0.69323221867769513, 0.21579582674057457, -0.24107926537634622]]}}