{"model": "vessel_scoring.logistic_model.LogisticModel", "args": {"windows": [1800, 3600, 10800, 21600, 43200, 86400], "cross": 3, "intercept": [3.6526996757936137], "order": 4, "coef": [[-0.0038923444435386978, 0.97132321042978986, 1.5362444604289862, -0.70859791044179299, -0.20626025242863169, 1.2953553911194724, -1.3920740157947913, -0.50587224251091778, 1.1625589518121946, -1.1539312875764691, -1.4380601395253434, 0.11564224324809189, -2.1413874784686282, -0.83070295280696438, 2.3936965882791403, -2.9879767248131284, -1.0549631378273927, 4.1238028672768055, 1.3358146016582888, -0.46999932594844546, -0.48443514843322294, 0.96945798499208524, -0.05141706869623551, -0.35359913320109482, 0.32724599265350435, -0.83146178930222092, -0.60440836724399993, 0.52115349397103827, -0.4244830227045579, 0.26472902801952303, -0.02089742373780934, -1.6692679423537791, -0.67675256506265502, -0.054700797797199364, -3.3253033801320897, 0.36297555928672898, -0.27207646533891028, -0.70618362468685314, 1.1220052987361009, -0.52809560664224431, -1.2082767507147958, 0.18065297349885681, -1.2407751889518968, -0.60908829765832806, 0.25239674764391207, -0.92774393301135871, -0.20752326488195594, 1.0106015992764472, -0.53079918623918521, -0.092134863570304787, -0.032984641761242064, -0.11780802265530094, -0.01675616027826626, -1.2425744101334535, 0.089456757045595067, -0.56289439995923185, -0.36382353572863863, 0.029632756005511816, -0.3440110958074743, 0.38183610263233042, -0.2491834411186919, -0.14007121294560432, -0.29784795986209239, -0.24944567419047819, 0.38707521486553709, 1.1729967371841066, 1.2973404622199987, 0.74960441839180358, -0.29639888339469411, -0.47858275310983062, 0.053349573215800972, -0.59220963720211706, -0.3047664992685587, -0.28962660109822347, 0.079503349809605314, -0.3961818784987155, 0.26061703420406823, 0.40226739483814811, -0.89522107011063978, 0.12144287806781193, 0.81059610022836825, -0.9724911405619463, 1.6502196558354394, 1.2548519510414344, -0.56948539780541196, -0.65761294435037221, -0.072232097920810062, -0.99143100868257628, -0.088413083279930388, 0.096944376422259448, -0.66216268705817527, 0.21091245799342331, 0.48319706357892217, -0.33563389989684, 0.33133441246770001, -0.3889946023319264, -0.17134940911570443, 0.15485532838858909, -0.85517158334735177, 0.074500960832938529, -0.38233268694368538, 0.67129326266874723, -0.34114445041859554, -0.63808710367810129, -0.70667776312604491, -0.12020117877498163, 0.34654300628224555, 0.61590393763236562, 0.61013571866240413, 1.4511314483797841, -0.13748162093611885, -0.32917020809670389, -0.14761674993099788, 0.0035793937136296538, -0.12120173259589259, 0.67071260122100551, 0.24994921962333627, -0.71053386334560364, -0.12829125256732818, 0.19968808488095904, -0.72914651927091867, 0.62059200356436972, 0.93639935213419712, -0.75288988070642615, -0.79423453170351099, 0.55764668003804951, -0.30866187363514219, 0.032304730054682373, 0.21703387718059763, -0.21320617497933919, 0.37218610406139713, -0.41955626377793465, 0.52049988982611373, 2.4647360952208381, -1.2967455719561767, -1.0821324261002727, -0.30713366753081217, -1.3716806312607313, -0.36352059584358126, 0.4515705008634836, -0.041762415544213879, 0.099027845770119888, 0.95132590064589018, -1.188870110786008, -0.16010134413251509, 0.31400301455531726, -0.39047528023599443, -0.19615126394554411, -0.32138543644729922, -0.63831150314630802, -0.22959208195513886, -0.4413060643824927, -0.10146408313590997, -0.93094501128416651, -0.52809248332446335, -0.13527437702918169, -0.6668797499557173, 0.37006640012317799, -0.59346988866678096, 0.045734499719772975, 2.2191572300678581, -1.503461983703652, -0.20571809357922644, 0.040249005735898291, 0.17758155751619817, 0.19455147135879655, 0.32937798643161526, -1.5379320039239659, -0.77303359246461201, 0.48108107612567363, -0.49505627940274821, -0.72586464488412827, 1.8523033131100042, 1.3320479675665764, -0.73004508654889411, 0.86287108928702783, 0.45680694764187263, 0.64994855945089003, 2.4226195314866756, -2.0170272176134976, -0.43709804622180543, -2.4099297941640239, -2.4846988677848874, 0.30253983070097856, -0.80385239606933689, -0.35839904895612329, 0.075300130511930727, 2.0445341181668013, -3.6869979815287248, 0.44129408003398041, -0.9263627203262812, -0.80412083520767508, 0.46266215946682138, 0.064515737390416883, -0.75904299246550266, 0.14719079758809583, -0.66911366812613338, -1.0973638084323045, 0.016359214912983387, -0.61252774190742232, -1.1119188926401915, -0.1735634916777323, -0.86604177885835509, -2.1374378940477392, 0.76142840332112327, 0.084026437228794562, -3.0700736865108249, -0.23249528046680926, -0.33273874048736107, 0.2949118280532923, 1.1762081477669031, 0.47320240074240333, 0.32608815935736557, -0.36596257854929737, 0.23572874863965709, 0.10830848413586013, 0.081760010366038333, -0.040680921332520832, -0.62472549794379018, -0.52437381304111075, 0.46038255360819419, 0.20674400574892152, 0.14505802815502136, -0.087953931608205249, -0.66034752345663272, -0.15422041381567905, 1.1148790760094049, 0.32670997276140223, 0.49500348770229002, 1.2803239208191899, 0.79122658766943543, -0.57698685200395938, -0.027674707667435614, -0.0069748159745298133, -0.62656118449761333, 0.88893861929802642, -0.67994447238445066, -0.40933179865646441, -1.0931817263196437, 0.68307321009710997, -3.2284894278348024, -0.14068328065179384, -0.13362389149574438, -0.22164321354866756, -0.33236733487087394, -0.25953275482050392, 0.06641474999220634, 0.10184725410261561, -0.18506928045095622, -0.85282450842094726, -0.00022902280184690545, -0.016970068536391016, -0.17371103340048777, 0.3283628821620927, 0.020785575756911277, -0.48082614129577589, -0.14152567709054373, -0.31611433265787181, 0.0042943676722513417, -0.10940760159150388, -0.010664131343942611, -0.1425013722838826, 0.48124408452114631, -0.57215094873221306, 0.60780743276076032, 0.066655732352893016, 0.15404684913147099, 0.12212847348813674, -0.11260516293362577, 0.33809618244982276, 0.060905725540186195, 1.1887599539900386, -0.51833935525204189, 0.85816926044650699, 0.18418993962897134, -0.13908836977969199, 0.129743868307445, 0.1004668905746339, -0.10013580970830534, 0.48760989142947248, 0.01969294367413061, -0.24996070726906378, 0.15995569907522861, -0.63694150751343115, 0.18476135507514391, 0.50352635250835254, 0.16123690881253136, 0.0036452653134896248, 0.084320935262463911, 0.46415009194400875, -0.12182197530817729, 0.48407394809985066, -0.67077872618398227, 0.1569608390438314, -0.18353809480235056, 0.026499551691621114, 0.26069327593999514, -0.65734356349589051, -0.25403320883758157, 0.29254746096389117, 0.22975008311168929, -0.053913587970844584, 0.23831972416803976, 0.14544950456282491, -0.17014641333247127, -0.4363989859919723, 0.64402684741407079, -0.17717592661789522, -0.65702636702780026, -0.5555727245416745, 0.38119733007074957, -0.59609617524297842, 0.51534456640862381, -0.1085454926278832, -0.56905178590930272, -0.30550976753240761, 1.0640307067718209, -0.25372918612882406, 0.79839802956893591, 0.87040744129233427, 0.41260044644426219, -0.53239572734229312, -0.29400955327014588, -0.34952359933084548, -0.28024639062107543, 0.68555810564977415, -0.77013474886308309, 0.14067822031598332, -1.655647547220668, 0.67805402280086025, -3.1700553390922073, -0.32413495943337817, -0.1013440067885263, -0.24257094266074181, -0.40381159968305574, 0.30738027250434019, -0.22848500502055852, -0.082745297156801345, 0.081930752936938425, -0.16641263609077417, -0.47734052215530393, 0.40962316622017297, -0.22036103590357081, -0.094708661036175645, -0.0064111089639317023, 0.1746781510079656, -0.08171174966995666, -0.24343985523537523, -0.021866082402272675, -0.026207845480191231, 0.036646767070916561, -0.72593231894742449, 0.42453244325139805, -0.10045017363890876, 0.27067131573949155, 1.2854942895731554, -0.39188519912931613, 0.18307977702252254, 0.087195294072964433, 0.0083458828798234266, -0.0523003551538282, 0.14672171544388513, 0.091957196339998562, 