{"model": "vessel_scoring.logistic_model.LogisticModel", "args": {"windows": [1800, 3600, 10800, 21600, 43200, 86400], "cross": 0, "intercept": [-0.13245874281358705], "order": 6, "coef": [[0.54258295771466114, 0.17607700720892963, 0.19283168454694544, 0.49930892627968892, 0.16619610711889904, 0.33497008693207342, 0.32753846055248398, 0.11470321430564616, 0.54051359557852507, 0.23260867343939728, 0.029625085277006906, 0.60401167350812013, 0.086845895548009269, -0.044247467903871948, 1.071385543539475, 0.070788117832873698, -0.011798338807939799, 1.4935198391451239, 0.54160224950449176, -0.12895836148117615, 0.027518318185077113, 0.49805468205147163, -0.12362243276470768, -0.13874759507699269, 0.32996168023805456, -0.063878127828088799, -0.32951580310723377, 0.25294303822933639, 0.048895048945598443, -0.31910791265215688, 0.16564038281550045, 0.09140888140513205, -0.76956569417270881, 0.19495008482668022, -0.015554567294534506, -1.2558512015858359, 0.34431787562303939, -0.0043776420083744706, -0.24562819755303325, 0.30992532304188203, -0.0011432641449711312, -0.096543842509963368, 0.187785621760935, -0.033655121899983743, 0.053772850998374241, 0.14942525633695319, -0.11728609373826809, 0.0034798626182119975, 0.15733414774777338, -0.087197053538327129, 0.29049255747007496, 0.23894563371902861, 0.12220492031733864, 0.85239569015688954, 0.10782126639698952, 0.11072338175693086, 0.20493632381472626, 0.083294055869808634, 0.10552284187309531, 0.13636655256735247, 0.012077872356937493, 0.096230594037180039, 0.10813087282613804, 0.0099869165044603608, 0.093363362652233092, 0.17275346634962171, 0.10368065052587618, 0.07228873562739678, 0.18513254271741547, 0.22915277832425968, -0.21017755186381096, -0.4660946363369971, -0.11528110030062962, 0.033815571457837305, 0.22012412321544608, -0.13142721671892368, 0.026686886458034281, 0.13568798715173497, -0.15666919651885403, 0.04684795400092033, -0.049889220531900938, -0.12946046799925851, 0.14716140877470255, -0.10617929741640267, 0.031594086955862202, -0.034368412180080549, -0.46089800662533459, 0.19008944882131029, 0.16628663012564415, 0.11431041674926463, -0.30895163933453723, 0.0017017310385589401, 0.041302785676845477, -0.31847375310444737, -0.00045091793330468788, 0.028025532435637879, -0.30463034193161487, 0.0047309695319669954, -0.022534685515967715, -0.25480752083148639, 0.033467710702956406, -0.049482749870529794, -0.043334266781615519, -0.04351118256124923, -0.1465425677645239, 0.13874596864113153, 0.09018103781302643, 0.14136447156185816]]}}